Datetime,Cloud Index_95 (-)
2024-06-30 23:30:00,0.0
2024-06-30 23:50:00,0.0
2024-08-01 00:40:00,0.0
2024-08-01 01:00:00,0.0
2024-08-01 01:30:00,0.0
2024-08-01 01:40:00,0.0
2024-08-01 01:50:00,0.0
2024-08-01 02:20:00,0.0
2024-08-01 03:20:00,0.0
2024-08-01 04:00:00,0.0
2024-08-01 05:40:00,0.02745098
2024-08-01 06:30:00,0.0
2024-08-01 06:50:00,0.0
2024-08-01 07:30:00,0.564705882
2024-08-01 07:40:00,0.0
2024-08-01 07:50:00,0.549019608
2024-08-01 08:00:00,0.0
2024-08-01 08:10:00,0.529411765
2024-08-01 08:30:00,0.0
2024-08-01 08:40:00,0.0
2024-08-01 08:50:00,0.0
2024-08-01 09:00:00,0.368627451
2024-08-01 09:20:00,0.0
2024-08-01 10:10:00,0.576470588
2024-08-01 10:20:00,0.0
2024-08-01 11:00:00,0.0
2024-08-01 11:30:00,0.584313726
2024-08-01 11:40:00,0.541176471
2024-08-01 11:50:00,0.549019608
2024-08-01 12:00:00,0.576470588
2024-08-01 12:10:00,0.619607843
2024-08-01 12:20:00,0.619607843
2024-08-01 12:40:00,0.02745098
2024-08-01 13:10:00,0.560784314
2024-08-01 13:50:00,0.439215686
2024-08-01 14:30:00,0.564705882
2024-08-01 14:40:00,0.533333333
2024-08-01 14:50:00,0.549019608
2024-08-01 15:00:00,0.580392157
2024-08-01 15:10:00,0.529411765
2024-08-01 15:40:00,0.454901961
2024-08-01 15:50:00,0.415686275
2024-08-01 16:00:00,0.368627451
2024-08-01 16:30:00,0.843137255
2024-08-01 17:00:00,0.874509804
2024-08-01 17:10:00,0.576470588
2024-08-01 17:30:00,0.807843137
2024-08-01 18:30:00,0.584313726
2024-08-01 18:40:00,0.541176471
2024-08-01 18:50:00,0.549019608
2024-08-01 19:00:00,0.576470588
2024-08-01 19:10:00,0.619607843
2024-08-01 19:20:00,0.619607843
2024-08-01 19:30:00,0.003921569
2024-08-01 19:40:00,0.603921569
2024-08-01 19:50:00,0.003921569
2024-08-01 20:00:00,0.003921569
2024-08-01 20:10:00,0.560784314
2024-08-01 20:40:00,0.0
2024-08-01 20:50:00,0.439215686
2024-08-01 21:30:00,0.0
2024-08-01 21:50:00,0.0
2024-08-01 22:00:00,0.580392157
2024-08-01 22:40:00,0.682352941
2024-08-01 23:10:00,0.0
2024-08-01 23:30:00,0.843137255
2024-08-02 00:00:00,0.874509804
2024-08-02 00:30:00,0.807843137
2024-08-02 00:50:00,0.0
2024-08-02 01:40:00,0.392156863
2024-08-02 02:30:00,0.003921569
2024-08-02 02:50:00,0.003921569
2024-08-02 03:00:00,0.003921569
2024-08-02 03:30:00,0.0
2024-08-02 03:40:00,0.0
2024-08-02 04:00:00,0.0
2024-08-02 04:10:00,0.0
2024-08-02 04:30:00,0.0
2024-08-02 04:50:00,0.0
2024-08-02 05:00:00,0.003921569
2024-08-02 05:10:00,0.003921569
2024-08-02 06:10:00,0.0
2024-08-02 06:30:00,0.0
2024-08-02 06:40:00,0.356862745
2024-08-02 06:50:00,0.360784314
2024-08-02 07:00:00,0.0
2024-08-02 07:10:00,0.458823529
2024-08-02 07:40:00,0.407843137
2024-08-02 07:50:00,0.0
2024-08-02 08:40:00,0.37254902
2024-08-02 08:50:00,0.4
2024-08-02 09:00:00,0.384313725
2024-08-02 09:10:00,0.505882353
2024-08-02 09:50:00,0.431372549
2024-08-02 10:20:00,0.360784314
2024-08-02 10:30:00,0.0
2024-08-02 10:40:00,0.0
2024-08-02 10:50:00,0.294117647
2024-08-02 11:00:00,0.0
2024-08-02 11:10:00,0.0
2024-08-02 11:40:00,0.325490196
2024-08-02 12:00:00,0.003921569
2024-08-02 12:10:00,0.003921569
2024-08-02 13:00:00,0.458823529
2024-08-02 13:40:00,0.356862745
2024-08-02 13:50:00,0.360784314
2024-08-02 14:00:00,0.549019608
2024-08-02 14:10:00,0.458823529
2024-08-02 14:40:00,0.407843137
2024-08-02 14:50:00,0.552941176
2024-08-02 15:30:00,0.235294118
2024-08-02 15:40:00,0.37254902
2024-08-02 15:50:00,0.4
2024-08-02 16:00:00,0.384313725
2024-08-02 16:10:00,0.505882353
2024-08-02 16:20:00,0.494117647
2024-08-02 16:50:00,0.431372549
2024-08-02 17:20:00,0.360784314
2024-08-02 17:50:00,0.294117647
2024-08-02 18:10:00,0.392156863
2024-08-02 18:40:00,0.325490196
2024-08-02 18:50:00,0.066666667
2024-08-02 19:10:00,0.003921569
2024-08-02 19:30:00,0.003921569
2024-08-02 19:40:00,0.003921569
2024-08-02 19:50:00,0.003921569
2024-08-02 20:00:00,0.458823529
2024-08-02 20:30:00,0.0
2024-08-02 20:40:00,0.352941177
2024-08-02 20:50:00,0.0
2024-08-02 21:00:00,0.345098039
2024-08-02 21:10:00,0.0
2024-08-02 22:20:00,0.0
2024-08-02 22:30:00,0.235294118
2024-08-02 22:40:00,0.0
2024-08-02 23:20:00,0.494117647
2024-08-02 23:50:00,0.0
2024-08-03 00:00:00,0.0
2024-08-03 01:10:00,0.0
2024-08-03 01:30:00,0.0
2024-08-03 01:40:00,0.28627451
2024-08-03 01:50:00,0.066666667
2024-08-03 02:00:00,0.0
2024-08-03 02:10:00,0.003921569
2024-08-03 02:20:00,0.0
2024-08-03 02:30:00,0.003921569
2024-08-03 02:40:00,0.003921569
2024-08-03 02:50:00,0.003921569
2024-08-03 03:20:00,0.0
2024-08-03 03:30:00,0.0
2024-08-03 03:50:00,0.0
2024-08-03 04:00:00,0.0
2024-08-03 04:10:00,0.0
2024-08-03 04:20:00,0.0
2024-08-03 05:00:00,0.003921569
2024-08-03 05:20:00,0.0
2024-08-03 05:40:00,0.0
2024-08-03 06:50:00,0.0
2024-08-03 07:00:00,0.0
2024-08-03 07:10:00,0.4
2024-08-03 07:20:00,0.380392157
2024-08-03 08:00:00,0.4
2024-08-03 08:10:00,0.0
2024-08-03 08:30:00,0.0
2024-08-03 08:50:00,0.4
2024-08-03 09:00:00,0.0
2024-08-03 09:20:00,0.0
2024-08-03 09:40:00,0.0
2024-08-03 09:50:00,0.592156863
2024-08-03 10:10:00,0.631372549
2024-08-03 10:20:00,0.0
2024-08-03 10:50:00,0.0
2024-08-03 11:00:00,0.0
2024-08-03 11:20:00,0.0
2024-08-03 12:00:00,0.003921569
2024-08-03 14:10:00,0.4
2024-08-03 14:20:00,0.380392157
2024-08-03 15:00:00,0.4
2024-08-03 15:50:00,0.4
2024-08-03 16:50:00,0.592156863
2024-08-03 17:10:00,0.631372549
2024-08-03 17:30:00,0.658823529
2024-08-03 17:50:00,0.698039216
2024-08-03 19:20:00,0.694117647
2024-08-03 19:50:00,0.725490196
2024-08-03 21:20:00,0.419607843
2024-08-03 22:10:00,0.721568627
2024-08-03 22:40:00,0.721568627
2024-08-03 23:10:00,0.764705882
2024-08-04 00:40:00,0.643137255
2024-08-04 00:50:00,0.560784314
2024-08-04 03:00:00,0.003921569
2024-08-04 03:40:00,0.0
2024-08-04 04:50:00,0.0
2024-08-04 05:10:00,0.0
2024-08-04 05:20:00,0.0
2024-08-04 05:30:00,0.0
2024-08-04 06:50:00,0.0
2024-08-04 07:40:00,0.0
2024-08-04 08:00:00,0.0
2024-08-04 08:30:00,0.0
2024-08-04 09:10:00,0.0
2024-08-04 11:00:00,0.0
2024-08-04 12:10:00,0.003921569
2024-08-04 12:40:00,0.023529412
2024-08-04 14:00:00,0.498039216
2024-08-04 15:20:00,0.580392157
2024-08-04 16:50:00,0.717647059
2024-08-04 17:00:00,0.654901961
2024-08-04 17:50:00,0.831372549
2024-08-04 19:00:00,0.788235294
2024-08-04 19:10:00,0.77254902
2024-08-04 19:20:00,0.811764706
2024-08-04 20:10:00,0.835294118
2024-08-04 21:10:00,0.776470588
2024-08-05 00:20:00,0.71372549
2024-08-05 01:30:00,0.423529412
2024-08-05 02:30:00,0.003921569
2024-08-05 03:50:00,0.0
2024-08-05 05:30:00,0.0
2024-08-05 07:00:00,0.0
2024-08-05 07:10:00,0.0
2024-08-05 07:20:00,0.0
2024-08-05 07:30:00,0.0
2024-08-05 07:50:00,0.0
2024-08-05 08:00:00,0.0
2024-08-05 08:30:00,0.0
2024-08-05 08:40:00,0.0
2024-08-05 08:50:00,0.0
2024-08-05 09:00:00,0.0
2024-08-05 09:10:00,0.0
2024-08-05 09:30:00,0.0
2024-08-05 09:40:00,0.0
2024-08-05 09:50:00,0.0
2024-08-05 10:00:00,0.0
2024-08-05 10:10:00,0.0
2024-08-05 10:20:00,0.0
2024-08-05 10:30:00,0.0
2024-08-05 10:40:00,0.0
2024-08-05 10:50:00,0.0
2024-08-05 11:00:00,0.0
2024-08-05 11:10:00,0.0
2024-08-05 11:20:00,0.0
2024-08-05 11:30:00,0.003921569
2024-08-05 11:50:00,0.007843137
2024-08-05 12:00:00,0.003921569
2024-08-05 12:20:00,0.003921569
2024-08-05 12:40:00,0.023529412
2024-08-05 12:50:00,0.078431372
2024-08-05 13:00:00,0.262745098
2024-08-05 13:20:00,0.415686275
2024-08-05 13:50:00,0.282352941
2024-08-05 14:20:00,0.352941177
2024-08-05 14:30:00,0.337254902
2024-08-05 14:40:00,0.333333333
2024-08-05 14:50:00,0.368627451
2024-08-05 15:00:00,0.364705882
2024-08-05 15:30:00,0.349019608
2024-08-05 15:40:00,0.329411765
2024-08-05 15:50:00,0.341176471
2024-08-05 16:00:00,0.345098039
2024-08-05 16:10:00,0.341176471
2024-08-05 16:30:00,0.403921569
2024-08-05 16:50:00,0.4
2024-08-05 17:10:00,0.439215686
2024-08-05 17:20:00,0.478431373
2024-08-05 17:30:00,0.525490196
2024-08-05 17:50:00,0.560784314
2024-08-05 18:20:00,0.568627451
2024-08-05 18:40:00,0.619607843
2024-08-05 18:50:00,0.505882353
2024-08-05 19:20:00,0.670588235
2024-08-05 19:30:00,0.6
2024-08-05 19:40:00,0.643137255
2024-08-05 19:50:00,0.654901961
2024-08-05 20:10:00,0.529411765
2024-08-05 20:20:00,0.533333333
2024-08-05 20:40:00,0.458823529
2024-08-05 20:50:00,0.537254902
2024-08-05 21:00:00,0.529411765
2024-08-05 21:20:00,0.666666667
2024-08-05 21:30:00,0.580392157
2024-08-05 21:40:00,0.474509804
2024-08-05 21:50:00,0.509803922
2024-08-05 22:10:00,0.611764706
2024-08-05 22:20:00,0.71372549
2024-08-05 22:50:00,0.525490196
2024-08-05 23:10:00,0.839215686
2024-08-05 23:30:00,0.71372549
2024-08-05 23:40:00,0.721568627
2024-08-05 23:50:00,0.68627451
2024-08-06 00:10:00,0.48627451
2024-08-06 00:20:00,0.564705882
2024-08-06 00:40:00,0.541176471
2024-08-06 00:50:00,0.396078431
2024-08-06 01:00:00,0.447058823
2024-08-06 01:10:00,0.376470588
2024-08-06 01:20:00,0.31372549
2024-08-06 01:30:00,0.266666667
2024-08-06 01:40:00,0.22745098
2024-08-06 01:50:00,0.070588235
2024-08-06 02:00:00,0.02745098
2024-08-06 02:20:00,0.003921569
2024-08-06 02:30:00,0.003921569
2024-08-06 02:50:00,0.003921569
2024-08-06 03:00:00,0.003921569
2024-08-06 03:10:00,0.007843137
2024-08-06 03:40:00,0.0
2024-08-06 03:50:00,0.0
2024-08-06 04:00:00,0.0
2024-08-06 04:20:00,0.0
2024-08-06 04:30:00,0.0
2024-08-06 04:50:00,0.0
2024-08-06 05:10:00,0.0
2024-08-06 05:20:00,0.0
2024-08-06 05:40:00,0.0
2024-08-06 05:50:00,0.0
2024-08-06 06:00:00,0.0
2024-08-06 06:20:00,0.0
2024-08-06 06:50:00,0.0
2024-08-06 07:00:00,0.0
2024-08-06 07:10:00,0.0
2024-08-06 07:20:00,0.0
2024-08-06 07:40:00,0.0
2024-08-06 08:10:00,0.0
2024-08-06 08:20:00,0.0
2024-08-06 08:30:00,0.0
2024-08-06 08:40:00,0.0
2024-08-06 08:50:00,0.0
2024-08-06 09:10:00,0.0
2024-08-06 09:20:00,0.0
2024-08-06 09:30:00,0.0
2024-08-06 09:40:00,0.0
2024-08-06 09:50:00,0.0
2024-08-06 10:20:00,0.0
2024-08-06 10:30:00,0.0
2024-08-06 10:50:00,0.0
2024-08-06 11:00:00,0.0
2024-08-06 11:40:00,0.007843137
2024-08-06 11:50:00,0.003921569
2024-08-06 12:00:00,0.003921569
2024-08-06 12:10:00,0.003921569
2024-08-06 12:20:00,0.003921569
2024-08-06 12:30:00,0.0
2024-08-06 13:10:00,0.48627451
2024-08-06 13:20:00,0.435294118
2024-08-06 13:40:00,0.454901961
2024-08-06 14:00:00,0.501960784
2024-08-06 14:10:00,0.509803922
2024-08-06 14:30:00,0.403921569
2024-08-06 14:50:00,0.478431373
2024-08-06 15:00:00,0.494117647
2024-08-06 15:10:00,0.0
2024-08-06 15:20:00,0.278431372
2024-08-06 15:40:00,0.396078431
2024-08-06 16:00:00,0.376470588
2024-08-06 16:20:00,0.262745098
2024-08-06 16:30:00,0.278431372
2024-08-06 16:50:00,0.270588235
2024-08-06 17:00:00,0.266666667
2024-08-06 17:10:00,0.262745098
2024-08-06 17:30:00,0.266666667
2024-08-06 17:40:00,0.305882353
2024-08-06 17:50:00,0.301960784
2024-08-06 18:00:00,0.278431372
2024-08-06 18:10:00,0.298039216
2024-08-06 18:20:00,0.482352941
2024-08-06 18:30:00,0.4
2024-08-06 18:40:00,0.411764706
2024-08-06 18:50:00,0.301960784
2024-08-06 19:20:00,0.415686275
2024-08-06 19:50:00,0.305882353
2024-08-06 20:40:00,0.670588235
2024-08-06 20:50:00,0.674509804
2024-08-06 21:10:00,0.474509804
2024-08-06 21:20:00,0.298039216
2024-08-06 21:30:00,0.337254902
2024-08-06 21:40:00,0.380392157
2024-08-06 21:50:00,0.376470588
2024-08-06 22:00:00,0.419607843
2024-08-06 22:20:00,0.411764706
2024-08-06 22:30:00,0.474509804
2024-08-06 22:50:00,0.717647059
2024-08-06 23:00:00,0.780392157
2024-08-06 23:20:00,0.745098039
2024-08-06 23:30:00,0.694117647
2024-08-06 23:40:00,0.643137255
2024-08-06 23:50:00,0.619607843
2024-08-07 00:00:00,0.639215686
2024-08-07 00:10:00,0.556862745
2024-08-07 00:30:00,0.639215686
2024-08-07 00:40:00,0.603921569
2024-08-07 00:50:00,0.576470588
2024-08-07 01:00:00,0.717647059
2024-08-07 01:10:00,0.603921569
2024-08-07 01:20:00,0.462745098
2024-08-07 01:30:00,0.37254902
2024-08-07 01:40:00,0.247058823
2024-08-07 02:10:00,0.003921569
2024-08-07 02:20:00,0.003921569
2024-08-07 02:40:00,0.003921569
2024-08-07 02:50:00,0.003921569
2024-08-07 03:10:00,0.007843137
2024-08-07 03:20:00,0.043137255
2024-08-07 03:30:00,0.0
2024-08-07 03:40:00,0.0
2024-08-07 03:50:00,0.0
2024-08-07 04:00:00,0.0
2024-08-07 04:10:00,0.0
2024-08-07 04:20:00,0.0
2024-08-07 04:30:00,0.0
2024-08-07 04:50:00,0.0
2024-08-07 05:10:00,0.0
2024-08-07 05:20:00,0.0
2024-08-07 05:40:00,0.0
2024-08-07 06:00:00,0.0
2024-08-07 06:10:00,0.0
2024-08-07 06:20:00,0.0
2024-08-07 06:30:00,0.0
2024-08-07 06:50:00,0.0
2024-08-07 07:00:00,0.0
2024-08-07 07:10:00,0.0
2024-08-07 07:20:00,0.0
2024-08-07 07:30:00,0.0
2024-08-07 07:40:00,0.0
2024-08-07 07:50:00,0.0
2024-08-07 08:00:00,0.0
2024-08-07 08:10:00,0.0
2024-08-07 08:30:00,0.0
2024-08-07 08:40:00,0.0
2024-08-07 09:00:00,0.0
2024-08-07 09:10:00,0.0
2024-08-07 09:20:00,0.0
2024-08-07 09:30:00,0.0
2024-08-07 09:40:00,0.0
2024-08-07 10:00:00,0.0
2024-08-07 10:10:00,0.0
2024-08-07 10:20:00,0.0
2024-08-07 10:30:00,0.0
2024-08-07 10:40:00,0.0
2024-08-07 10:50:00,0.0
2024-08-07 11:00:00,0.0
2024-08-07 11:20:00,0.0
2024-08-07 11:30:00,0.003921569
2024-08-07 11:40:00,0.007843137
2024-08-07 11:50:00,0.003921569
2024-08-07 12:10:00,0.003921569
2024-08-07 12:30:00,0.0
2024-08-07 12:50:00,0.094117647
2024-08-07 13:30:00,0.364705882
2024-08-07 13:40:00,0.0
2024-08-07 14:00:00,0.301960784
2024-08-07 14:10:00,0.349019608
2024-08-07 14:20:00,0.352941177
2024-08-07 14:30:00,0.270588235
2024-08-07 14:40:00,0.258823529
2024-08-07 14:50:00,0.258823529
2024-08-07 15:20:00,0.278431372
2024-08-07 15:50:00,0.305882353
2024-08-07 16:00:00,0.337254902
2024-08-07 16:10:00,0.392156863
2024-08-07 16:30:00,0.278431372
2024-08-07 16:50:00,0.278431372
2024-08-07 17:00:00,0.266666667
2024-08-07 17:10:00,0.337254902
2024-08-07 17:20:00,0.360784314
2024-08-07 17:30:00,0.266666667
2024-08-07 17:40:00,0.266666667
2024-08-07 17:50:00,0.262745098
2024-08-07 18:00:00,0.254901961
2024-08-07 18:20:00,0.243137255
2024-08-07 18:30:00,0.250980392
2024-08-07 18:40:00,0.262745098
2024-08-07 18:50:00,0.270588235
2024-08-07 19:00:00,0.282352941
2024-08-07 19:20:00,0.474509804
2024-08-07 19:30:00,0.498039216
2024-08-07 19:40:00,0.494117647
2024-08-07 19:50:00,0.470588235
2024-08-07 20:00:00,0.411764706
2024-08-07 20:10:00,0.337254902
2024-08-07 20:20:00,0.31372549
2024-08-07 20:50:00,0.352941177
2024-08-07 21:10:00,0.368627451
2024-08-07 21:20:00,0.384313725
2024-08-07 21:40:00,0.37254902
2024-08-07 21:50:00,0.419607843
2024-08-07 22:00:00,0.494117647
2024-08-07 22:50:00,0.639215686
2024-08-07 23:10:00,0.890196078
2024-08-07 23:20:00,0.921568628
2024-08-08 00:00:00,0.858823529
2024-08-08 00:30:00,0.882352941
2024-08-08 00:40:00,0.803921569
2024-08-08 01:00:00,0.717647059
2024-08-08 01:10:00,0.623529412
2024-08-08 01:20:00,0.564705882
2024-08-08 01:30:00,0.517647059
2024-08-08 01:40:00,0.31372549
2024-08-08 01:50:00,0.11372549
2024-08-08 02:10:00,0.003921569
2024-08-08 02:20:00,0.003921569
2024-08-08 02:30:00,0.003921569
2024-08-08 02:40:00,0.003921569
2024-08-08 02:50:00,0.003921569
2024-08-08 03:00:00,0.003921569
2024-08-08 03:10:00,0.007843137
2024-08-08 03:20:00,0.02745098
2024-08-08 03:30:00,0.0
2024-08-08 03:40:00,0.0
2024-08-08 03:50:00,0.0
2024-08-08 04:00:00,0.0
2024-08-08 04:20:00,0.0
2024-08-08 04:30:00,0.0
2024-08-08 04:50:00,0.0
2024-08-08 05:20:00,0.0
2024-08-08 05:30:00,0.0
2024-08-08 06:00:00,0.0
2024-08-08 06:10:00,0.0
2024-08-08 06:20:00,0.0
2024-08-08 07:10:00,0.0
2024-08-08 07:20:00,0.0
2024-08-08 07:30:00,0.0
2024-08-08 07:40:00,0.0
2024-08-08 07:50:00,0.0
2024-08-08 08:00:00,0.0
2024-08-08 08:10:00,0.0
2024-08-08 08:30:00,0.0
2024-08-08 08:40:00,0.0
2024-08-08 08:50:00,0.0
2024-08-08 09:10:00,0.0
2024-08-08 09:20:00,0.0
2024-08-08 09:40:00,0.0
2024-08-08 09:50:00,0.0
2024-08-08 10:00:00,0.0
2024-08-08 10:30:00,0.0
2024-08-08 10:50:00,0.0
2024-08-08 11:00:00,0.0
2024-08-08 11:30:00,0.007843137
2024-08-08 11:40:00,0.007843137
2024-08-08 11:50:00,0.003921569
2024-08-08 12:00:00,0.003921569
2024-08-08 12:10:00,0.003921569
2024-08-08 12:20:00,0.003921569
2024-08-08 12:30:00,0.003921569
2024-08-08 12:40:00,0.0
2024-08-08 12:50:00,0.082352941
2024-08-08 13:00:00,0.262745098
2024-08-08 13:40:00,1.0
2024-08-08 13:50:00,1.0
2024-08-08 14:10:00,1.0
2024-08-08 14:30:00,0.580392157
2024-08-08 14:40:00,0.698039216
2024-08-08 15:00:00,0.694117647
2024-08-08 15:10:00,0.619607843
2024-08-08 15:20:00,0.564705882
2024-08-08 15:30:00,0.57254902
2024-08-08 15:40:00,0.77254902
2024-08-08 15:50:00,0.6
2024-08-08 16:10:00,0.650980392
2024-08-08 16:50:00,0.737254902
2024-08-08 17:00:00,0.737254902
2024-08-08 17:10:00,0.807843137
2024-08-08 17:20:00,0.835294118
2024-08-08 17:30:00,0.776470588
2024-08-08 17:40:00,0.682352941
2024-08-08 17:50:00,0.552941176
2024-08-08 18:00:00,0.309803922
2024-08-08 18:10:00,0.490196078
2024-08-08 18:20:00,0.388235294
2024-08-08 18:30:00,0.376470588
2024-08-08 18:40:00,0.407843137
2024-08-08 18:50:00,0.48627451
2024-08-08 19:10:00,0.364705882
2024-08-08 19:30:00,0.588235294
2024-08-08 19:50:00,0.345098039
2024-08-08 20:00:00,0.352941177
2024-08-08 20:10:00,0.48627451
2024-08-08 20:40:00,0.552941176
2024-08-08 21:00:00,0.725490196
2024-08-08 21:10:00,0.815686274
2024-08-08 21:30:00,0.850980392
2024-08-08 21:40:00,0.862745098
2024-08-08 22:00:00,0.870588235
2024-08-08 22:20:00,0.862745098
2024-08-08 22:40:00,0.815686274
2024-08-08 22:50:00,0.788235294
2024-08-08 23:00:00,0.77254902
2024-08-08 23:10:00,0.733333333
2024-08-08 23:20:00,0.690196078
2024-08-08 23:30:00,0.647058823
2024-08-08 23:40:00,0.623529412
2024-08-08 23:50:00,0.564705882
2024-08-09 00:10:00,0.537254902
2024-08-09 00:30:00,0.364705882
2024-08-09 00:40:00,0.423529412
2024-08-09 00:50:00,0.392156863
2024-08-09 01:00:00,0.564705882
2024-08-09 01:10:00,0.615686275
2024-08-09 01:20:00,0.611764706
2024-08-09 01:30:00,0.431372549
2024-08-09 01:50:00,0.078431372
2024-08-09 02:10:00,0.003921569
2024-08-09 02:20:00,0.003921569
2024-08-09 02:30:00,0.003921569
2024-08-09 03:00:00,0.003921569
2024-08-09 03:10:00,0.003921569
2024-08-09 03:20:00,0.011764706
2024-08-09 03:30:00,0.0
2024-08-09 04:00:00,0.0
2024-08-09 04:10:00,0.0
2024-08-09 04:30:00,0.0
2024-08-09 04:50:00,0.0
2024-08-09 05:00:00,0.0
2024-08-09 05:10:00,0.0
2024-08-09 05:30:00,0.0
2024-08-09 05:50:00,0.0
2024-08-09 06:00:00,0.0
2024-08-09 06:30:00,0.0
2024-08-09 06:50:00,0.0
2024-08-09 07:00:00,0.0
2024-08-09 07:10:00,0.0
2024-08-09 07:20:00,0.0
2024-08-09 07:30:00,0.0
2024-08-09 07:40:00,0.0
2024-08-09 07:50:00,0.0
2024-08-09 08:10:00,0.0
2024-08-09 08:20:00,0.0
2024-08-09 08:30:00,0.0
2024-08-09 08:40:00,0.0
2024-08-09 08:50:00,0.0
2024-08-09 09:10:00,0.0
2024-08-09 09:30:00,0.0
2024-08-09 09:40:00,0.0
2024-08-09 09:50:00,0.0
2024-08-09 10:00:00,0.0
2024-08-09 10:10:00,0.0
2024-08-09 10:20:00,0.0
2024-08-09 10:30:00,0.0
2024-08-09 11:00:00,0.0
2024-08-09 11:10:00,0.0
2024-08-09 11:20:00,0.0
2024-08-09 11:40:00,0.011764706
2024-08-09 11:50:00,0.003921569
2024-08-09 12:00:00,0.003921569
2024-08-09 12:30:00,0.003921569
2024-08-09 12:40:00,0.019607843
2024-08-09 12:50:00,0.101960784
2024-08-09 13:00:00,0.517647059
2024-08-09 13:10:00,0.823529412
2024-08-09 13:40:00,0.454901961
2024-08-09 14:00:00,0.380392157
2024-08-09 14:20:00,0.278431372
2024-08-09 14:30:00,0.266666667
2024-08-09 14:40:00,0.290196078
2024-08-09 14:50:00,0.345098039
2024-08-09 15:40:00,0.592156863
2024-08-09 15:50:00,0.525490196
2024-08-09 16:00:00,0.780392157
2024-08-09 16:10:00,0.788235294
2024-08-09 16:20:00,0.756862745
2024-08-09 16:30:00,0.71372549
2024-08-09 16:50:00,0.760784314
2024-08-09 17:00:00,0.890196078
2024-08-09 17:10:00,0.882352941
2024-08-09 17:30:00,0.905882353
2024-08-09 17:40:00,0.870588235
2024-08-09 17:50:00,0.921568628
2024-08-09 18:00:00,0.901960784
2024-08-09 18:10:00,0.898039216
2024-08-09 18:20:00,0.894117647
2024-08-09 18:30:00,0.905882353
2024-08-09 18:40:00,0.921568628
2024-08-09 18:50:00,0.933333333
2024-08-09 19:00:00,0.882352941
2024-08-09 19:10:00,0.870588235
2024-08-09 19:20:00,0.839215686
2024-08-09 19:30:00,0.796078431
2024-08-09 19:40:00,0.737254902
2024-08-09 20:10:00,0.694117647
2024-08-09 20:20:00,0.690196078
2024-08-09 20:40:00,0.847058823
2024-08-09 21:10:00,0.847058823
2024-08-09 21:30:00,0.839215686
2024-08-09 21:40:00,0.847058823
2024-08-09 22:00:00,0.784313726
2024-08-09 22:20:00,0.764705882
2024-08-09 22:30:00,0.760784314
2024-08-09 22:40:00,0.77254902
2024-08-09 22:50:00,0.756862745
2024-08-09 23:00:00,0.717647059
2024-08-09 23:10:00,0.666666667
2024-08-09 23:20:00,0.635294118
2024-08-09 23:30:00,0.584313726
2024-08-09 23:40:00,0.501960784
2024-08-10 00:00:00,0.51372549
2024-08-10 00:10:00,0.501960784
2024-08-10 00:20:00,0.517647059
2024-08-10 01:00:00,0.615686275
2024-08-10 01:20:00,0.529411765
2024-08-10 01:30:00,0.454901961
2024-08-10 01:40:00,0.258823529
2024-08-10 01:50:00,0.094117647
2024-08-10 02:00:00,0.0
2024-08-10 02:10:00,0.003921569
2024-08-10 03:00:00,0.003921569
2024-08-10 03:20:00,0.031372549
2024-08-10 03:40:00,0.0
2024-08-10 03:50:00,0.0
2024-08-10 04:20:00,0.0
2024-08-10 04:30:00,0.0
2024-08-10 04:50:00,0.0
2024-08-10 05:00:00,0.0
2024-08-10 05:10:00,0.0
2024-08-10 05:30:00,0.0
2024-08-10 05:50:00,0.0
2024-08-10 06:00:00,0.0
2024-08-10 06:10:00,0.0
2024-08-10 06:20:00,0.0
2024-08-10 06:50:00,0.0
2024-08-10 07:00:00,0.0
2024-08-10 07:10:00,0.0
2024-08-10 07:20:00,0.0
2024-08-10 07:30:00,0.0
2024-08-10 07:40:00,0.0
2024-08-10 08:00:00,0.0
2024-08-10 08:10:00,0.0
2024-08-10 08:40:00,0.0
2024-08-10 08:50:00,0.0
2024-08-10 09:00:00,0.0
2024-08-10 09:10:00,0.0
2024-08-10 09:20:00,0.0
2024-08-10 09:30:00,0.0
2024-08-10 09:40:00,0.0
2024-08-10 09:50:00,0.0
2024-08-10 10:10:00,0.0
2024-08-10 10:20:00,0.0
2024-08-10 10:30:00,0.0
2024-08-10 11:10:00,0.0
2024-08-10 11:20:00,0.0
2024-08-10 11:30:00,0.023529412
2024-08-10 11:40:00,0.011764706
2024-08-10 11:50:00,0.007843137
2024-08-10 12:00:00,0.003921569
2024-08-10 12:20:00,0.003921569
2024-08-10 12:30:00,0.003921569
2024-08-10 14:20:00,0.258823529
2024-08-10 14:30:00,0.325490196
2024-08-10 14:40:00,0.729411765
2024-08-10 14:50:00,0.749019608
2024-08-10 15:10:00,0.882352941
2024-08-10 15:20:00,0.898039216
2024-08-10 15:40:00,0.854901961
2024-08-10 15:50:00,0.874509804
2024-08-10 16:00:00,0.894117647
2024-08-10 16:20:00,0.937254902
2024-08-10 16:30:00,0.847058823
2024-08-10 17:10:00,0.956862745
2024-08-10 17:30:00,0.952941176
2024-08-10 17:40:00,0.933333333
2024-08-10 17:50:00,0.917647059
2024-08-10 18:00:00,0.921568628
2024-08-10 18:10:00,0.909803922
2024-08-10 18:30:00,0.921568628
2024-08-10 18:40:00,0.870588235
2024-08-10 18:50:00,0.866666667
2024-08-10 19:00:00,0.858823529
2024-08-10 19:20:00,0.843137255
2024-08-10 19:30:00,0.788235294
2024-08-10 20:00:00,0.71372549
2024-08-10 20:10:00,0.77254902
2024-08-10 20:30:00,0.925490196
2024-08-10 20:40:00,0.937254902
2024-08-10 20:50:00,0.933333333
2024-08-10 21:00:00,0.909803922
2024-08-10 21:10:00,0.898039216
2024-08-10 21:20:00,0.882352941
2024-08-10 21:50:00,0.792156863
2024-08-10 22:00:00,0.749019608
2024-08-10 22:10:00,0.698039216
2024-08-10 22:30:00,0.670588235
2024-08-10 22:40:00,0.670588235
2024-08-10 22:50:00,0.682352941
2024-08-10 23:00:00,0.682352941
2024-08-10 23:10:00,0.68627451
2024-08-10 23:20:00,0.670588235
2024-08-10 23:30:00,0.662745098
2024-08-10 23:40:00,0.650980392
2024-08-10 23:50:00,0.654901961
2024-08-11 00:00:00,0.631372549
2024-08-11 00:10:00,0.619607843
2024-08-11 00:20:00,0.596078431
2024-08-11 00:40:00,0.592156863
2024-08-11 00:50:00,0.623529412
2024-08-11 01:00:00,0.639215686
2024-08-11 01:10:00,0.576470588
2024-08-11 01:20:00,0.568627451
2024-08-11 01:40:00,0.309803922
2024-08-11 02:00:00,0.0
2024-08-11 02:10:00,0.003921569
2024-08-11 02:30:00,0.003921569
2024-08-11 02:40:00,0.003921569
2024-08-11 02:50:00,0.003921569
2024-08-11 03:00:00,0.003921569
2024-08-11 03:10:00,0.007843137
2024-08-11 03:20:00,0.035294118
2024-08-11 03:30:00,0.0
2024-08-11 03:50:00,0.0
2024-08-11 04:00:00,0.0
2024-08-11 04:10:00,0.0
2024-08-11 04:20:00,0.0
2024-08-11 04:50:00,0.0
2024-08-11 05:00:00,0.0
2024-08-11 05:10:00,0.0
2024-08-11 05:20:00,0.0
2024-08-11 05:30:00,0.0
2024-08-11 05:40:00,0.0
2024-08-11 06:00:00,0.0
2024-08-11 06:10:00,0.0
2024-08-11 06:20:00,0.0
2024-08-11 15:10:00,0.603921569
2024-08-11 15:20:00,0.658823529
2024-08-11 15:30:00,0.658823529
2024-08-11 15:40:00,0.721568627
2024-08-11 15:50:00,0.729411765
2024-08-11 16:00:00,0.776470588
2024-08-11 16:10:00,0.807843137
2024-08-11 16:20:00,0.788235294
2024-08-11 16:30:00,0.760784314
2024-08-11 16:50:00,0.552941176
2024-08-11 17:00:00,0.576470588
2024-08-11 17:10:00,0.517647059
2024-08-11 17:20:00,0.545098039
2024-08-11 17:30:00,0.615686275
2024-08-11 17:40:00,0.603921569
2024-08-11 17:50:00,0.501960784
2024-08-11 18:00:00,0.51372549
2024-08-11 18:10:00,0.796078431
2024-08-11 18:20:00,0.635294118
2024-08-11 18:30:00,0.392156863
2024-08-11 18:40:00,0.525490196
2024-08-11 18:50:00,0.568627451
2024-08-11 19:00:00,0.42745098
2024-08-11 19:10:00,0.619607843
2024-08-11 19:20:00,0.580392157
2024-08-11 19:30:00,0.474509804
2024-08-11 19:40:00,0.568627451
2024-08-11 19:50:00,0.611764706
2024-08-11 20:00:00,0.564705882
2024-08-11 20:10:00,0.498039216
2024-08-11 20:20:00,0.509803922
2024-08-11 20:30:00,0.607843137
2024-08-11 20:40:00,0.588235294
2024-08-11 20:50:00,0.611764706
2024-08-11 21:00:00,0.584313726
2024-08-11 21:10:00,0.517647059
2024-08-11 21:20:00,0.494117647
2024-08-11 21:30:00,0.509803922
2024-08-11 21:40:00,0.42745098
2024-08-11 21:50:00,0.419607843
2024-08-11 22:00:00,0.517647059
2024-08-11 22:10:00,0.498039216
2024-08-11 22:20:00,0.556862745
2024-08-11 22:30:00,0.525490196
2024-08-11 22:40:00,0.576470588
2024-08-11 22:50:00,0.635294118
2024-08-11 23:00:00,0.631372549
2024-08-11 23:10:00,0.62745098
2024-08-11 23:20:00,0.560784314
2024-08-11 23:30:00,0.470588235
2024-08-11 23:40:00,0.57254902
2024-08-11 23:50:00,0.603921569
2024-08-12 00:00:00,0.537254902
2024-08-12 00:10:00,0.647058823
2024-08-12 00:20:00,0.462745098
2024-08-12 00:30:00,0.337254902
2024-08-12 00:40:00,0.282352941
2024-08-12 00:50:00,0.345098039
2024-08-12 01:00:00,0.270588235
2024-08-12 01:10:00,0.388235294
2024-08-12 01:20:00,0.415686275
2024-08-12 01:30:00,0.407843137
2024-08-12 01:40:00,0.290196078
2024-08-12 01:50:00,0.11372549
2024-08-12 02:00:00,0.0
2024-08-12 02:10:00,0.003921569
2024-08-12 02:20:00,0.003921569
2024-08-12 02:30:00,0.003921569
2024-08-12 02:40:00,0.003921569
2024-08-12 02:50:00,0.003921569
2024-08-12 03:00:00,0.003921569
2024-08-12 03:10:00,0.011764706
2024-08-12 03:20:00,0.043137255
2024-08-12 03:30:00,0.0
2024-08-12 03:40:00,0.0
2024-08-12 03:50:00,0.0
2024-08-12 04:00:00,0.0
2024-08-12 04:10:00,0.0
2024-08-12 04:20:00,0.0
2024-08-12 04:30:00,0.0
2024-08-12 04:50:00,0.0
2024-08-12 05:00:00,0.0
2024-08-12 05:10:00,0.0
2024-08-12 05:20:00,0.0
2024-08-12 05:30:00,0.0
2024-08-12 05:40:00,0.0
2024-08-12 05:50:00,0.0
2024-08-12 06:00:00,0.0
2024-08-12 06:10:00,0.0
2024-08-12 06:20:00,0.0
2024-08-12 06:30:00,0.0
2024-08-12 07:00:00,0.0
2024-08-12 07:20:00,0.0
2024-08-12 07:30:00,0.0
2024-08-12 07:40:00,0.0
2024-08-12 07:50:00,0.0
2024-08-12 08:00:00,0.0
2024-08-12 08:20:00,0.0
2024-08-12 09:00:00,0.0
2024-08-12 09:10:00,0.0
2024-08-12 09:20:00,0.0
2024-08-12 09:30:00,0.0
2024-08-12 09:40:00,0.0
2024-08-12 09:50:00,0.0
2024-08-12 10:00:00,0.0
2024-08-12 10:10:00,0.0
2024-08-12 10:20:00,0.0
2024-08-12 10:30:00,0.0
2024-08-12 11:00:00,0.0
2024-08-12 11:20:00,0.0
2024-08-12 11:30:00,0.035294118
2024-08-12 11:50:00,0.003921569
2024-08-12 12:40:00,0.011764706
2024-08-12 12:50:00,0.043137255
2024-08-12 13:00:00,0.258823529
2024-08-12 13:10:00,0.529411765
2024-08-12 13:20:00,0.521568627
2024-08-12 13:30:00,0.478431373
2024-08-12 13:40:00,0.466666667
2024-08-12 13:50:00,0.411764706
2024-08-12 14:00:00,0.411764706
2024-08-12 14:10:00,0.482352941
2024-08-12 14:20:00,0.517647059
2024-08-12 14:30:00,0.0
2024-08-12 15:00:00,0.490196078
2024-08-12 15:10:00,0.42745098
2024-08-12 15:20:00,0.42745098
2024-08-12 15:40:00,0.37254902
2024-08-12 15:50:00,0.360784314
2024-08-12 16:00:00,0.360784314
2024-08-12 16:10:00,0.333333333
2024-08-12 16:20:00,0.321568627
2024-08-12 16:30:00,0.380392157
2024-08-12 16:50:00,0.658823529
2024-08-12 17:10:00,0.71372549
2024-08-12 17:20:00,0.733333333
2024-08-12 17:30:00,0.709803922
2024-08-12 17:50:00,0.447058823
2024-08-12 18:00:00,0.450980392
2024-08-12 18:10:00,0.560784314
2024-08-12 18:20:00,0.603921569
2024-08-12 18:30:00,0.364705882
2024-08-12 18:40:00,0.37254902
2024-08-12 18:50:00,0.349019608
2024-08-12 19:00:00,0.48627451
2024-08-12 19:10:00,0.505882353
2024-08-12 19:20:00,0.698039216
2024-08-12 19:30:00,0.470588235
2024-08-12 20:00:00,0.298039216
2024-08-12 20:10:00,0.298039216
2024-08-12 20:20:00,0.309803922
2024-08-12 21:00:00,0.458823529
2024-08-12 21:10:00,0.317647059
2024-08-12 21:20:00,0.474509804
2024-08-12 21:40:00,0.37254902
2024-08-12 21:50:00,0.580392157
2024-08-12 22:10:00,0.447058823
2024-08-12 22:20:00,0.329411765
2024-08-12 22:30:00,0.278431372
2024-08-12 22:40:00,0.270588235
2024-08-12 22:50:00,0.258823529
2024-08-12 23:00:00,0.337254902
2024-08-12 23:40:00,0.4
2024-08-12 23:50:00,0.349019608
2024-08-13 00:00:00,0.149019608
2024-08-13 00:20:00,0.196078431
2024-08-13 00:30:00,0.235294118
2024-08-13 00:40:00,0.403921569
2024-08-13 00:50:00,0.403921569
2024-08-13 01:10:00,0.494117647
2024-08-13 01:20:00,0.388235294
2024-08-13 01:30:00,0.564705882
2024-08-13 01:50:00,0.11372549
2024-08-13 02:00:00,0.0
2024-08-13 02:10:00,0.003921569
2024-08-13 02:30:00,0.003921569
2024-08-13 02:40:00,0.003921569
2024-08-13 02:50:00,0.003921569
2024-08-13 03:00:00,0.003921569
2024-08-13 03:10:00,0.007843137
2024-08-13 03:20:00,0.031372549
2024-08-13 04:00:00,0.0
2024-08-13 04:10:00,0.0
2024-08-13 04:20:00,0.0
2024-08-13 04:30:00,0.0
2024-08-13 05:10:00,0.0
2024-08-13 05:30:00,0.0
2024-08-13 05:40:00,0.0
2024-08-13 05:50:00,0.0
2024-08-13 06:20:00,0.0
2024-08-13 06:50:00,0.0
2024-08-13 07:10:00,0.0
2024-08-13 07:20:00,0.0
2024-08-13 07:50:00,0.0
2024-08-13 08:00:00,0.0
2024-08-13 08:10:00,0.0
2024-08-13 08:20:00,0.0
2024-08-13 08:30:00,0.0
2024-08-13 08:40:00,0.0
2024-08-13 08:50:00,0.0
2024-08-13 09:10:00,0.0
2024-08-13 09:20:00,0.0
2024-08-13 09:30:00,0.0
2024-08-13 10:00:00,0.0
2024-08-13 10:10:00,0.0
2024-08-13 11:00:00,0.0
2024-08-13 11:20:00,0.0
2024-08-13 11:40:00,0.019607843
2024-08-13 12:10:00,0.003921569
2024-08-13 12:20:00,0.003921569
2024-08-13 12:30:00,0.003921569
2024-08-13 12:50:00,0.043137255
2024-08-13 13:00:00,0.239215686
2024-08-13 13:10:00,0.592156863
2024-08-13 13:20:00,0.57254902
2024-08-13 13:30:00,0.42745098
2024-08-13 13:40:00,0.337254902
2024-08-13 13:50:00,0.447058823
2024-08-13 14:10:00,0.262745098
2024-08-13 14:20:00,0.294117647
2024-08-13 14:30:00,0.317647059
2024-08-13 14:40:00,0.403921569
2024-08-13 14:50:00,0.341176471
2024-08-13 15:00:00,0.294117647
2024-08-13 15:30:00,0.329411765
2024-08-13 15:40:00,0.309803922
2024-08-13 15:50:00,0.309803922
2024-08-13 16:20:00,0.450980392
2024-08-13 16:30:00,0.482352941
2024-08-13 17:00:00,0.635294118
2024-08-13 17:10:00,0.619607843
2024-08-13 17:20:00,0.568627451
2024-08-13 17:50:00,0.51372549
2024-08-13 18:10:00,0.62745098
2024-08-13 18:20:00,0.603921569
2024-08-13 18:30:00,0.580392157
2024-08-13 18:40:00,0.560784314
2024-08-13 18:50:00,0.725490196
2024-08-13 19:20:00,0.752941177
2024-08-13 19:40:00,0.635294118
2024-08-13 19:50:00,0.494117647
2024-08-13 20:00:00,0.431372549
2024-08-13 20:10:00,0.498039216
2024-08-13 20:20:00,0.443137255
2024-08-13 20:30:00,0.682352941
2024-08-13 20:50:00,0.654901961
2024-08-13 21:10:00,0.741176471
2024-08-13 21:20:00,0.752941177
2024-08-13 21:30:00,0.77254902
2024-08-13 22:00:00,0.870588235
2024-08-13 22:10:00,0.870588235
2024-08-13 22:20:00,0.870588235
2024-08-13 22:30:00,0.862745098
2024-08-13 22:50:00,0.705882353
2024-08-13 23:20:00,0.780392157
2024-08-13 23:30:00,0.815686274
2024-08-13 23:40:00,0.776470588
2024-08-13 23:50:00,0.658823529
2024-08-14 00:00:00,0.662745098
2024-08-14 00:20:00,0.584313726
2024-08-14 00:30:00,0.619607843
2024-08-14 00:40:00,0.615686275
2024-08-14 00:50:00,0.607843137
2024-08-14 01:00:00,0.470588235
2024-08-14 01:10:00,0.501960784
2024-08-14 01:20:00,0.498039216
2024-08-14 01:30:00,0.4
2024-08-14 01:40:00,0.270588235
2024-08-14 01:50:00,0.078431372
2024-08-14 02:20:00,0.003921569
2024-08-14 02:30:00,0.003921569
2024-08-14 03:00:00,0.003921569
2024-08-14 03:10:00,0.007843137
2024-08-14 03:20:00,0.035294118
2024-08-14 03:30:00,0.0
2024-08-14 03:40:00,0.0
2024-08-14 03:50:00,0.0
2024-08-14 04:00:00,0.0
2024-08-14 04:10:00,0.0
2024-08-14 04:30:00,0.0
2024-08-14 04:50:00,0.0
2024-08-14 05:00:00,0.0
2024-08-14 05:10:00,0.0
2024-08-14 05:20:00,0.0
2024-08-14 05:30:00,0.0
2024-08-14 05:40:00,0.0
2024-08-14 05:50:00,0.0
2024-08-14 06:00:00,0.0
2024-08-14 06:10:00,0.0
2024-08-14 06:30:00,0.0
2024-08-14 06:50:00,0.0
2024-08-14 07:10:00,0.0
2024-08-14 07:30:00,0.0
2024-08-14 07:40:00,0.0
2024-08-14 07:50:00,0.0
2024-08-14 08:00:00,0.0
2024-08-14 08:10:00,0.0
2024-08-14 08:20:00,0.0
2024-08-14 08:30:00,0.0
2024-08-14 08:40:00,0.0
2024-08-14 08:50:00,0.0
2024-08-14 09:00:00,0.0
2024-08-14 09:10:00,0.0
2024-08-14 09:30:00,0.0
2024-08-14 09:50:00,0.0
2024-08-14 10:00:00,0.0
2024-08-14 10:10:00,0.0
2024-08-14 10:20:00,0.0
2024-08-14 10:30:00,0.0
2024-08-14 10:40:00,0.0
2024-08-14 10:50:00,0.0
2024-08-14 11:00:00,0.0
2024-08-14 11:10:00,0.0
2024-08-14 11:30:00,0.043137255
2024-08-14 11:40:00,0.019607843
2024-08-14 12:00:00,0.003921569
2024-08-14 12:10:00,0.003921569
2024-08-14 12:40:00,0.011764706
2024-08-14 12:50:00,0.109803922
2024-08-14 13:00:00,0.435294118
2024-08-14 13:20:00,0.647058823
2024-08-14 13:40:00,0.639215686
2024-08-14 13:50:00,0.478431373
2024-08-14 14:00:00,0.541176471
2024-08-14 14:10:00,0.411764706
2024-08-14 14:30:00,0.517647059
2024-08-14 14:40:00,0.549019608
2024-08-14 15:10:00,0.603921569
2024-08-14 15:20:00,0.517647059
2024-08-14 15:40:00,0.57254902
2024-08-14 15:50:00,0.576470588
2024-08-14 16:00:00,0.549019608
2024-08-14 16:10:00,0.501960784
2024-08-14 16:20:00,0.498039216
2024-08-14 16:50:00,0.505882353
2024-08-14 17:10:00,0.596078431
2024-08-14 17:40:00,0.376470588
2024-08-14 18:00:00,0.494117647
2024-08-14 18:20:00,0.37254902
2024-08-14 18:30:00,0.325490196
2024-08-14 19:00:00,0.650980392
2024-08-14 19:10:00,0.290196078
2024-08-14 19:40:00,0.635294118
2024-08-14 19:50:00,0.607843137
2024-08-14 20:00:00,0.701960784
2024-08-14 20:20:00,0.454901961
2024-08-14 20:30:00,0.658823529
2024-08-14 20:40:00,0.635294118
2024-08-14 20:50:00,0.470588235
2024-08-14 21:00:00,0.270588235
2024-08-14 21:10:00,0.278431372
2024-08-14 21:20:00,0.48627451
2024-08-14 21:30:00,0.360784314
2024-08-14 21:40:00,0.639215686
2024-08-14 22:20:00,0.592156863
2024-08-14 22:40:00,0.564705882
2024-08-14 22:50:00,0.576470588
2024-08-14 23:00:00,0.498039216
2024-08-14 23:20:00,0.517647059
2024-08-14 23:50:00,0.494117647
2024-08-15 00:20:00,0.576470588
2024-08-15 00:30:00,0.650980392
2024-08-15 00:40:00,0.678431372
2024-08-15 01:20:00,0.654901961
2024-08-15 01:30:00,0.623529412
2024-08-15 01:40:00,0.466666667
2024-08-15 01:50:00,0.160784314
2024-08-15 02:00:00,0.02745098
2024-08-15 02:10:00,0.003921569
2024-08-15 02:20:00,0.003921569
2024-08-15 02:30:00,0.003921569
2024-08-15 02:40:00,0.003921569
2024-08-15 03:00:00,0.003921569
2024-08-15 03:10:00,0.007843137
2024-08-15 03:30:00,0.0
2024-08-15 03:40:00,0.0
2024-08-15 03:50:00,0.0
2024-08-15 04:10:00,0.0
2024-08-15 04:20:00,0.0
2024-08-15 04:30:00,0.0
2024-08-15 04:50:00,0.0
2024-08-15 05:00:00,0.0
2024-08-15 05:10:00,0.0
2024-08-15 05:20:00,0.0
2024-08-15 05:30:00,0.0
2024-08-15 05:40:00,0.0
2024-08-15 05:50:00,0.0
2024-08-15 06:00:00,0.0
2024-08-15 06:20:00,0.0
2024-08-15 06:30:00,0.0
2024-08-15 06:50:00,0.0
2024-08-15 07:00:00,0.0
2024-08-15 07:10:00,0.0
2024-08-15 07:30:00,0.0
2024-08-15 07:50:00,0.0
2024-08-15 08:00:00,0.0
2024-08-15 08:10:00,0.0
2024-08-15 08:20:00,0.0
2024-08-15 08:30:00,0.0
2024-08-15 08:40:00,0.0
2024-08-15 09:00:00,0.0
2024-08-15 09:20:00,0.0
2024-08-15 09:30:00,0.0
2024-08-15 09:40:00,0.0
2024-08-15 09:50:00,0.0
2024-08-15 10:00:00,0.0
2024-08-15 10:10:00,0.0
2024-08-15 10:50:00,0.0
2024-08-15 11:00:00,0.0
2024-08-15 11:10:00,0.0
2024-08-15 11:20:00,0.0
2024-08-15 11:30:00,0.035294118
2024-08-15 11:40:00,0.023529412
2024-08-15 11:50:00,0.007843137
2024-08-15 12:20:00,0.003921569
2024-08-15 12:50:00,0.070588235
2024-08-15 13:00:00,0.17254902
2024-08-15 13:10:00,0.364705882
2024-08-15 13:40:00,0.509803922
2024-08-15 13:50:00,0.482352941
2024-08-15 14:10:00,0.560784314
2024-08-15 14:20:00,0.533333333
2024-08-15 14:30:00,0.556862745
2024-08-15 14:40:00,0.568627451
2024-08-15 14:50:00,0.521568627
2024-08-15 15:20:00,0.643137255
2024-08-15 15:40:00,0.709803922
2024-08-15 16:00:00,0.741176471
2024-08-15 16:10:00,0.71372549
2024-08-15 16:20:00,0.721568627
2024-08-15 16:30:00,0.690196078
2024-08-15 17:10:00,0.615686275
2024-08-15 17:20:00,0.662745098
2024-08-15 17:40:00,0.670588235
2024-08-15 18:10:00,0.776470588
2024-08-15 18:40:00,0.756862745
2024-08-15 19:00:00,0.811764706
2024-08-15 19:10:00,0.831372549
2024-08-15 19:20:00,0.839215686
2024-08-15 19:30:00,0.82745098
2024-08-15 19:40:00,0.811764706
2024-08-15 19:50:00,0.788235294
2024-08-15 20:00:00,0.796078431
2024-08-15 20:10:00,0.749019608
2024-08-15 20:20:00,0.725490196
2024-08-15 20:30:00,0.705882353
2024-08-15 20:50:00,0.737254902
2024-08-15 21:00:00,0.721568627
2024-08-15 21:10:00,0.725490196
2024-08-15 21:20:00,0.745098039
2024-08-15 21:50:00,0.780392157
2024-08-15 22:00:00,0.784313726
2024-08-15 22:10:00,0.784313726
2024-08-15 22:30:00,0.796078431
2024-08-15 22:50:00,0.811764706
2024-08-15 23:10:00,0.803921569
2024-08-15 23:30:00,0.788235294
2024-08-15 23:40:00,0.745098039
2024-08-16 00:00:00,0.784313726
2024-08-16 00:10:00,0.823529412
2024-08-16 00:30:00,0.737254902
2024-08-16 00:50:00,0.643137255
2024-08-16 01:00:00,0.631372549
2024-08-16 01:20:00,0.556862745
2024-08-16 01:30:00,0.478431373
2024-08-16 01:40:00,0.305882353
2024-08-16 01:50:00,0.094117647
2024-08-16 02:10:00,0.003921569
2024-08-16 02:20:00,0.003921569
2024-08-16 02:30:00,0.003921569
2024-08-16 02:40:00,0.003921569
2024-08-16 02:50:00,0.003921569
2024-08-16 03:10:00,0.003921569
2024-08-16 03:20:00,0.015686274
2024-08-16 03:40:00,0.0
2024-08-16 03:50:00,0.0
2024-08-16 04:00:00,0.0
2024-08-16 04:10:00,0.0
2024-08-16 04:20:00,0.0
2024-08-16 04:30:00,0.0
2024-08-16 04:50:00,0.0
2024-08-16 05:00:00,0.0
2024-08-16 05:10:00,0.0
2024-08-16 05:20:00,0.0
2024-08-16 05:30:00,0.0
2024-08-16 05:50:00,0.0
2024-08-16 06:00:00,0.0
2024-08-16 06:10:00,0.0
2024-08-16 06:20:00,0.0
2024-08-16 06:30:00,0.0
2024-08-16 06:50:00,0.0
2024-08-16 07:10:00,0.0
2024-08-16 07:30:00,0.0
2024-08-16 07:40:00,0.0
2024-08-16 08:00:00,0.0
2024-08-16 08:10:00,0.0
2024-08-16 08:50:00,0.0
2024-08-16 09:20:00,0.0
2024-08-16 09:40:00,0.0
2024-08-16 09:50:00,0.0
2024-08-16 10:20:00,0.0
2024-08-16 10:30:00,0.0
2024-08-16 10:50:00,0.0
2024-08-16 11:00:00,0.0
2024-08-16 11:10:00,0.0
2024-08-16 11:30:00,0.031372549
2024-08-16 11:50:00,0.007843137
2024-08-16 12:00:00,0.003921569
2024-08-16 12:10:00,0.003921569
2024-08-16 12:20:00,0.003921569
2024-08-16 12:30:00,0.003921569
2024-08-16 13:00:00,0.215686274
2024-08-16 13:10:00,0.474509804
2024-08-16 13:20:00,0.494117647
2024-08-16 13:30:00,0.51372549
2024-08-16 13:40:00,0.529411765
2024-08-16 14:00:00,0.505882353
2024-08-16 14:10:00,0.525490196
2024-08-16 14:20:00,0.529411765
2024-08-16 14:30:00,0.549019608
2024-08-16 14:40:00,0.588235294
2024-08-16 15:00:00,0.647058823
2024-08-16 15:20:00,0.690196078
2024-08-16 15:40:00,0.709803922
2024-08-16 15:50:00,0.701960784
2024-08-16 16:00:00,0.68627451
2024-08-16 16:10:00,0.643137255
2024-08-16 16:20:00,0.615686275
2024-08-16 16:30:00,0.615686275
2024-08-16 17:00:00,0.666666667
2024-08-16 17:10:00,0.674509804
2024-08-16 17:20:00,0.662745098
2024-08-16 17:30:00,0.62745098
2024-08-16 18:00:00,0.682352941
2024-08-16 18:20:00,0.662745098
2024-08-16 18:30:00,0.670588235
2024-08-16 18:40:00,0.615686275
2024-08-16 18:50:00,0.741176471
2024-08-16 19:00:00,0.717647059
2024-08-16 19:20:00,0.729411765
2024-08-16 19:30:00,0.752941177
2024-08-16 19:40:00,0.780392157
2024-08-16 20:00:00,0.690196078
2024-08-16 20:10:00,0.705882353
2024-08-16 20:20:00,0.0
2024-08-16 20:30:00,0.729411765
2024-08-16 20:50:00,0.68627451
2024-08-16 21:10:00,0.77254902
2024-08-16 21:20:00,0.82745098
2024-08-16 21:30:00,0.756862745
2024-08-16 21:40:00,0.721568627
2024-08-16 22:00:00,0.68627451
2024-08-16 22:20:00,0.682352941
2024-08-16 22:30:00,0.596078431
2024-08-16 22:50:00,0.666666667
2024-08-16 23:10:00,0.768627451
2024-08-16 23:20:00,0.717647059
2024-08-16 23:30:00,0.741176471
2024-08-16 23:40:00,0.564705882
2024-08-16 23:50:00,0.545098039
2024-08-17 00:00:00,0.392156863
2024-08-17 00:10:00,0.341176471
2024-08-17 00:30:00,0.619607843
2024-08-17 00:50:00,0.541176471
2024-08-17 01:00:00,0.482352941
2024-08-17 01:20:00,0.349019608
2024-08-17 01:30:00,0.325490196
2024-08-17 01:40:00,0.254901961
2024-08-17 01:50:00,0.074509804
2024-08-17 02:10:00,0.003921569
2024-08-17 02:20:00,0.003921569
2024-08-17 02:30:00,0.003921569
2024-08-17 02:40:00,0.003921569
2024-08-17 02:50:00,0.003921569
2024-08-17 03:10:00,0.003921569
2024-08-17 03:20:00,0.023529412
2024-08-17 03:30:00,0.0
2024-08-17 03:40:00,0.0
2024-08-17 04:00:00,0.0
2024-08-17 04:10:00,0.0
2024-08-17 04:20:00,0.0
2024-08-17 04:30:00,0.0
2024-08-17 04:50:00,0.0
2024-08-17 05:20:00,0.0
2024-08-17 05:30:00,0.0
2024-08-17 05:40:00,0.0
2024-08-17 06:00:00,0.0
2024-08-17 06:10:00,0.0
2024-08-17 06:20:00,0.0
2024-08-17 06:30:00,0.0
2024-08-17 06:50:00,0.0
2024-08-17 07:10:00,0.0
2024-08-17 07:20:00,0.0
2024-08-17 07:30:00,0.0
2024-08-17 07:40:00,0.0
2024-08-17 07:50:00,0.0
2024-08-17 08:00:00,0.0
2024-08-17 08:40:00,0.0
2024-08-17 09:10:00,0.0
2024-08-17 09:20:00,0.0
2024-08-17 09:40:00,0.0
2024-08-17 09:50:00,0.0
2024-08-17 10:00:00,0.0
2024-08-17 10:20:00,0.0
2024-08-17 10:30:00,0.0
2024-08-17 10:40:00,0.0
2024-08-17 10:50:00,0.0
2024-08-17 11:10:00,0.0
2024-08-17 11:20:00,0.0
2024-08-17 11:40:00,0.015686274
2024-08-17 11:50:00,0.007843137
2024-08-17 12:00:00,0.003921569
2024-08-17 12:10:00,0.003921569
2024-08-17 12:40:00,0.003921569
2024-08-17 12:50:00,0.070588235
2024-08-17 13:20:00,0.458823529
2024-08-17 13:30:00,0.42745098
2024-08-17 13:40:00,0.51372549
2024-08-17 13:50:00,0.376470588
2024-08-17 14:00:00,0.356862745
2024-08-17 14:10:00,0.541176471
2024-08-17 14:20:00,0.494117647
2024-08-17 14:40:00,0.415686275
2024-08-17 14:50:00,0.501960784
2024-08-17 15:00:00,0.568627451
2024-08-17 15:10:00,0.603921569
2024-08-17 15:20:00,0.576470588
2024-08-17 15:40:00,0.258823529
2024-08-17 16:00:00,0.298039216
2024-08-17 16:10:00,0.266666667
2024-08-17 16:20:00,0.266666667
2024-08-17 17:00:00,0.298039216
2024-08-17 17:20:00,0.274509804
2024-08-17 17:30:00,0.278431372
2024-08-17 17:40:00,0.639215686
2024-08-17 17:50:00,0.6
2024-08-17 18:00:00,0.68627451
2024-08-17 18:30:00,0.729411765
2024-08-17 18:40:00,0.674509804
2024-08-17 18:50:00,0.611764706
2024-08-17 19:00:00,0.57254902
2024-08-17 19:30:00,0.57254902
2024-08-17 19:50:00,0.525490196
2024-08-17 20:10:00,0.756862745
2024-08-17 20:20:00,0.870588235
2024-08-17 20:30:00,0.835294118
2024-08-17 20:50:00,0.890196078
2024-08-17 21:00:00,0.91372549
2024-08-17 21:10:00,0.937254902
2024-08-17 21:20:00,0.905882353
2024-08-17 21:30:00,0.937254902
2024-08-17 21:40:00,0.929411765
2024-08-17 21:50:00,0.937254902
2024-08-17 22:00:00,0.901960784
2024-08-17 22:10:00,0.890196078
2024-08-17 22:20:00,0.674509804
2024-08-17 23:00:00,0.898039216
2024-08-17 23:10:00,0.854901961
2024-08-17 23:20:00,0.584313726
2024-08-17 23:50:00,0.568627451
2024-08-18 00:00:00,0.42745098
2024-08-18 00:10:00,0.760784314
2024-08-18 00:20:00,0.42745098
2024-08-18 00:50:00,0.517647059
2024-08-18 01:00:00,0.349019608
2024-08-18 01:10:00,0.337254902
2024-08-18 01:20:00,0.384313725
2024-08-18 01:30:00,0.364705882
2024-08-18 01:50:00,0.070588235
2024-08-18 02:00:00,0.0
2024-08-18 02:10:00,0.003921569
2024-08-18 02:20:00,0.003921569
2024-08-18 02:30:00,0.003921569
2024-08-18 02:40:00,0.003921569
2024-08-18 02:50:00,0.003921569
2024-08-18 03:10:00,0.007843137
2024-08-18 03:20:00,0.023529412
2024-08-18 03:50:00,0.0
2024-08-18 04:10:00,0.0
2024-08-18 04:20:00,0.0
2024-08-18 04:50:00,0.0
2024-08-18 05:00:00,0.0
2024-08-18 05:20:00,0.0
2024-08-18 05:30:00,0.0
2024-08-18 05:40:00,0.0
2024-08-18 05:50:00,0.0
2024-08-18 06:00:00,0.0
2024-08-18 06:10:00,0.0
2024-08-18 06:20:00,0.0
2024-08-18 06:30:00,0.0
2024-08-18 06:50:00,0.0
2024-08-18 07:00:00,0.0
2024-08-18 07:20:00,0.0
2024-08-18 07:40:00,0.0
2024-08-18 07:50:00,0.0
2024-08-18 08:00:00,0.0
2024-08-18 08:10:00,0.0
2024-08-18 08:20:00,0.0
2024-08-18 08:30:00,0.0
2024-08-18 08:50:00,0.0
2024-08-18 09:10:00,0.0
2024-08-18 09:30:00,0.0
2024-08-18 09:40:00,0.0
2024-08-18 09:50:00,0.0
2024-08-18 10:00:00,0.0
2024-08-18 10:10:00,0.0
2024-08-18 10:20:00,0.0
2024-08-18 10:30:00,0.0
2024-08-18 10:40:00,0.0
2024-08-18 10:50:00,0.0
2024-08-18 11:00:00,0.0
2024-08-18 11:10:00,0.0
2024-08-18 11:30:00,0.02745098
2024-08-18 11:50:00,0.007843137
2024-08-18 12:20:00,0.003921569
2024-08-18 12:30:00,0.003921569
2024-08-18 12:50:00,0.062745098
2024-08-18 13:00:00,0.156862745
2024-08-18 13:10:00,0.494117647
2024-08-18 13:30:00,0.470588235
2024-08-18 13:50:00,0.384313725
2024-08-18 14:10:00,0.37254902
2024-08-18 14:30:00,0.396078431
2024-08-18 14:40:00,0.443137255
2024-08-18 14:50:00,0.419607843
2024-08-18 15:00:00,0.423529412
2024-08-18 15:10:00,0.42745098
2024-08-18 15:20:00,0.392156863
2024-08-18 15:30:00,0.388235294
2024-08-18 15:40:00,0.376470588
2024-08-18 15:50:00,0.419607843
2024-08-18 16:10:00,0.48627451
2024-08-18 16:30:00,0.435294118
2024-08-18 16:50:00,0.407843137
2024-08-18 17:00:00,0.482352941
2024-08-18 17:10:00,0.564705882
2024-08-18 17:40:00,0.701960784
2024-08-18 17:50:00,0.733333333
2024-08-18 18:10:00,0.701960784
2024-08-18 18:20:00,0.643137255
2024-08-18 18:30:00,0.678431372
2024-08-18 18:40:00,0.643137255
2024-08-18 18:50:00,0.650980392
2024-08-18 19:00:00,0.705882353
2024-08-18 19:20:00,0.870588235
2024-08-18 19:40:00,0.890196078
2024-08-18 19:50:00,0.807843137
2024-08-18 20:10:00,0.725490196
2024-08-18 20:30:00,0.603921569
2024-08-18 21:10:00,0.635294118
2024-08-18 21:20:00,0.690196078
2024-08-18 21:30:00,0.745098039
2024-08-18 21:40:00,0.752941177
2024-08-18 21:50:00,0.698039216
2024-08-18 22:00:00,0.647058823
2024-08-18 22:10:00,0.643137255
2024-08-18 22:20:00,0.678431372
2024-08-18 22:30:00,0.745098039
2024-08-18 22:40:00,0.784313726
2024-08-18 22:50:00,0.811764706
2024-08-18 23:00:00,0.780392157
2024-08-18 23:10:00,0.760784314
2024-08-18 23:20:00,0.701960784
2024-08-18 23:40:00,0.741176471
2024-08-19 00:10:00,0.764705882
2024-08-19 00:30:00,0.701960784
2024-08-19 01:00:00,0.650980392
2024-08-19 01:10:00,0.647058823
2024-08-19 01:20:00,0.552941176
2024-08-19 01:30:00,0.490196078
2024-08-19 01:40:00,0.298039216
2024-08-19 01:50:00,0.094117647
2024-08-19 02:00:00,0.0
2024-08-19 02:10:00,0.003921569
2024-08-19 02:20:00,0.003921569
2024-08-19 02:40:00,0.003921569
2024-08-19 03:10:00,0.011764706
2024-08-19 03:20:00,0.035294118
2024-08-19 03:30:00,0.0
2024-08-19 03:40:00,0.0
2024-08-19 03:50:00,0.0
2024-08-19 04:00:00,0.0
2024-08-19 04:10:00,0.0
2024-08-19 04:30:00,0.0
2024-08-19 05:00:00,0.0
2024-08-19 05:30:00,0.0
2024-08-19 05:50:00,0.0
2024-08-19 06:00:00,0.0
2024-08-19 06:20:00,0.0
2024-08-19 06:30:00,0.0
2024-08-19 06:50:00,0.0
2024-08-19 07:00:00,0.0
2024-08-19 07:10:00,0.0
2024-08-19 07:20:00,0.0
2024-08-19 07:30:00,0.0
2024-08-19 07:40:00,0.0
2024-08-19 07:50:00,0.0
2024-08-19 08:00:00,0.0
2024-08-19 08:10:00,0.0
2024-08-19 08:20:00,0.0
2024-08-19 08:30:00,0.0
2024-08-19 08:40:00,0.0
2024-08-19 08:50:00,0.0
2024-08-19 09:00:00,0.0
2024-08-19 09:10:00,0.0
2024-08-19 09:20:00,0.0
2024-08-19 09:30:00,0.0
2024-08-19 09:50:00,0.0
2024-08-19 10:00:00,0.0
2024-08-19 10:10:00,0.0
2024-08-19 10:20:00,0.0
2024-08-19 10:30:00,0.0
2024-08-19 10:40:00,0.0
2024-08-19 10:50:00,0.0
2024-08-19 11:00:00,0.0
2024-08-19 11:10:00,0.0
2024-08-19 11:20:00,0.0
2024-08-19 11:30:00,0.023529412
2024-08-19 11:40:00,0.015686274
2024-08-19 11:50:00,0.007843137
2024-08-19 12:00:00,0.003921569
2024-08-19 12:10:00,0.003921569
2024-08-19 12:20:00,0.003921569
2024-08-19 12:30:00,0.0
2024-08-19 12:40:00,0.0
2024-08-19 12:50:00,0.062745098
2024-08-19 13:00:00,0.196078431
2024-08-19 13:10:00,0.521568627
2024-08-19 13:20:00,0.588235294
2024-08-19 13:30:00,0.603921569
2024-08-19 13:40:00,0.596078431
2024-08-19 13:50:00,0.666666667
2024-08-19 14:00:00,0.62745098
2024-08-19 14:10:00,0.662745098
2024-08-19 14:20:00,0.694117647
2024-08-19 14:30:00,0.62745098
2024-08-19 14:40:00,0.678431372
2024-08-19 14:50:00,0.62745098
2024-08-19 15:00:00,0.68627451
2024-08-19 15:10:00,0.780392157
2024-08-19 15:20:00,0.666666667
2024-08-19 15:30:00,0.71372549
2024-08-19 15:40:00,0.737254902
2024-08-19 15:50:00,0.729411765
2024-08-19 16:00:00,0.741176471
2024-08-19 16:10:00,0.68627451
2024-08-19 16:20:00,0.752941177
2024-08-19 16:30:00,0.792156863
2024-08-19 16:50:00,0.776470588
2024-08-19 17:00:00,0.674509804
2024-08-19 17:10:00,0.580392157
2024-08-19 17:20:00,0.670588235
2024-08-19 17:30:00,0.592156863
2024-08-19 17:40:00,0.705882353
2024-08-19 17:50:00,0.784313726
2024-08-19 18:00:00,0.756862745
2024-08-19 18:10:00,0.796078431
2024-08-19 18:20:00,0.917647059
2024-08-19 18:30:00,0.870588235
2024-08-19 18:40:00,0.788235294
2024-08-19 19:00:00,0.862745098
2024-08-19 19:10:00,0.0
2024-08-19 19:20:00,0.866666667
2024-08-19 19:30:00,0.835294118
2024-08-19 19:40:00,0.835294118
2024-08-19 19:50:00,0.764705882
2024-08-19 20:00:00,0.596078431
2024-08-19 20:10:00,0.505882353
2024-08-19 20:20:00,0.51372549
2024-08-19 20:30:00,0.607843137
2024-08-19 20:40:00,0.709803922
2024-08-19 20:50:00,0.701960784
2024-08-19 21:00:00,0.592156863
2024-08-19 21:10:00,0.596078431
2024-08-19 21:20:00,0.725490196
2024-08-19 21:30:00,0.725490196
2024-08-19 21:50:00,0.678431372
2024-08-19 22:00:00,0.741176471
2024-08-19 22:20:00,0.760784314
2024-08-19 22:30:00,0.68627451
2024-08-19 22:40:00,0.392156863
2024-08-19 22:50:00,0.576470588
2024-08-19 23:00:00,0.698039216
2024-08-19 23:10:00,0.541176471
2024-08-19 23:20:00,0.560784314
2024-08-19 23:30:00,0.756862745
2024-08-19 23:40:00,0.776470588
2024-08-19 23:50:00,0.643137255
2024-08-20 00:00:00,0.71372549
2024-08-20 00:10:00,0.68627451
2024-08-20 00:20:00,0.717647059
